{"cameraMode":{"drawMode":2,"name":"Shaded Wireframe","section":"Shading Mode"},"sceneLighting":false,"audioPlay":false,"sceneViewState":{"m_AlwaysRefresh":false,"showFog":true,"showSkybox":false,"showFlares":true,"showImageEffects":true,"showParticleSystems":true,"showVisualEffectGraphs":true,"m_FxEnabled":true},"in2DMode":false,"pivot":{"x":-0.07499992847442627,"y":-0.38000011444091799,"z":-0.12990379333496095},"rotation":{"x":-0.22717033326625825,"y":0.02224087156355381,"z":-0.005182495340704918,"w":-0.97372967004776},"size":2.6692237854003908,"orthographic":true}