{"cameraMode":{"drawMode":2,"name":"Shaded Wireframe","section":"Shading Mode"},"sceneLighting":false,"audioPlay":false,"sceneViewState":{"m_AlwaysRefresh":false,"showFog":true,"showSkybox":false,"showFlares":true,"showImageEffects":true,"showParticleSystems":true,"showVisualEffectGraphs":true,"m_FxEnabled":true},"in2DMode":false,"pivot":{"x":-0.1688259392976761,"y":1.7485153675079346,"z":-2.843898296356201},"rotation":{"x":0.0006534209242090583,"y":0.9984453320503235,"z":0.01198247354477644,"w":-0.054560136049985889},"size":1.9904625415802003,"orthographic":false}