{"cameraMode":{"drawMode":2,"name":"Shaded Wireframe","section":"Shading Mode"},"sceneLighting":false,"audioPlay":false,"sceneViewState":{"m_AlwaysRefresh":false,"showFog":true,"showSkybox":false,"showFlares":true,"showImageEffects":true,"showParticleSystems":true,"showVisualEffectGraphs":true,"m_FxEnabled":true},"in2DMode":false,"pivot":{"x":0.00008958578109741211,"y":0.23698139190673829,"z":-0.002861618995666504},"rotation":{"x":0.0031318184919655325,"y":0.8527248501777649,"z":-0.5223408341407776,"w":0.0051128757186234},"size":0.5746902823448181,"orthographic":false}