{"cameraMode":{"drawMode":2,"name":"Shaded Wireframe","section":"Shading Mode"},"sceneLighting":false,"audioPlay":false,"sceneViewState":{"m_AlwaysRefresh":false,"showFog":true,"showSkybox":false,"showFlares":true,"showImageEffects":true,"showParticleSystems":true,"showVisualEffectGraphs":true,"m_FxEnabled":true},"in2DMode":false,"pivot":{"x":-0.06453092396259308,"y":1.8156585693359376,"z":0.06587473303079605},"rotation":{"x":-0.0006320447428151965,"y":0.9985432624816895,"z":-0.011983009986579419,"w":-0.052772048860788348},"size":0.033754073083400729,"orthographic":false}