{"cameraMode":{"drawMode":2,"name":"Shaded Wireframe","section":"Shading Mode"},"sceneLighting":false,"audioPlay":false,"sceneViewState":{"m_AlwaysRefresh":false,"showFog":true,"showSkybox":false,"showFlares":true,"showImageEffects":true,"showParticleSystems":true,"showVisualEffectGraphs":true,"m_FxEnabled":true},"in2DMode":false,"pivot":{"x":0.41615110635757449,"y":0.0950080156326294,"z":0.3670647442340851},"rotation":{"x":0.04375765845179558,"y":-0.034759655594825748,"z":0.0015233757440000773,"w":0.998436450958252},"size":1.9201496839523316,"orthographic":false}